,Ratios,Percent Of Total Submissions
0,0.001,0.04269245129189811
1,0.002,0.0737041016145869
2,0.003,0.09865057413460733
3,0.004,0.11750139057154395
4,0.005,0.13240526969468383
5,0.006,0.14646337653629582
6,0.007,0.1595309392644067
7,0.008,0.171737490570782
8,0.009000000000000001,0.18324304142760264
9,0.010000000000000002,0.19413140710601107
10,0.011,0.20437210932559186
11,0.012,0.21253266890682027
12,0.013000000000000001,0.2218361640036269
13,0.014000000000000002,0.23028626724880183
14,0.015,0.23833253327847242
15,0.016,0.2459292446720156
16,0.017,0.25324403197171613
17,0.018000000000000002,0.26017784076622397
18,0.019000000000000003,0.2668830624576161
19,0.02,0.2733596970458927
20,0.021,0.2796839402320921
21,0.022000000000000002,0.2858176941656952
22,0.023,0.29077041473320075
23,0.024,0.2966374837131689
24,0.025,0.3024283569920985
25,0.026000000000000002,0.30790682789677004
26,0.027000000000000003,0.31323290739936455
27,0.028,0.3184294542101935
28,0.029,0.32354218574988
29,0.030000000000000002,0.3285406237380087
30,0.031,0.3334704855952027
31,0.032,0.33831653218125435
32,0.033,0.34309400263637124
33,0.034,0.3470104616697526
34,0.035,0.35155172545165003
35,0.036000000000000004,0.35595583697167804
36,0.037000000000000005,0.3603294702112907
37,0.038,0.3646269077498647
38,0.039,0.36877957345646556
39,0.04,0.3728179456115086
40,0.041,0.37680298077582464
41,0.042,0.380719439809206
42,0.043000000000000003,0.3845749422817565
43,0.044000000000000004,0.3883694881934761
44,0.045,0.39150875107626426
45,0.046,0.3952499599972569
46,0.047,0.39895307106773037
47,0.048,0.4026104647175806
48,0.049,0.4062526192272232
49,0.05,0.4098261976059311
50,0.051000000000000004,0.4133083411433927
51,0.052000000000000005,0.4167142889798158
52,0.053000000000000005,0.420059280255408
53,0.054,0.42333569540006555
54,0.055,0.426513056133373
55,0.056,0.429134188249099
56,0.057,0.4322124945710563
57,0.058,0.4352755617528059
58,0.059000000000000004,0.4383005310840362
59,0.060000000000000005,0.4413178808451627
60,0.061,0.44428951318566606
61,0.062,0.44721542810554626
62,0.063,0.4501413430254265
63,0.064,0.4530672579453067
64,0.065,0.4559931728651869
65,0.066,0.45890384864485945
66,0.067,0.4613040132275737
67,0.068,0.46413849330620766
68,0.069,0.46691963639411466
69,0.07,0.4696626816315024
70,0.07100000000000001,0.47236762901837076
71,0.07200000000000001,0.4750268589846161
72,0.07300000000000001,0.47767846938075753
73,0.074,0.480276742786172
74,0.075,0.48281405963075563
75,0.076,0.4853285177650277
76,0.077,0.4878353563291959
77,0.078,0.48989264025723667
78,0.079,0.49233852226057406
79,0.08,0.49476154555359986
80,0.081,0.4971464709961064
81,0.082,0.49949329858809366
82,0.083,0.5018020283295617
83,0.084,0.5040878993607181
84,0.085,0.5063737703918745
85,0.08600000000000001,0.5086215435725117
86,0.08700000000000001,0.510861697183045
87,0.08800000000000001,0.5130942312234744
88,0.089,0.5149229280483996
89,0.09,0.5171173642383097
90,0.091,0.5193118004282199
91,0.092,0.52150623661813
92,0.093,0.5237006728080402
93,0.094,0.5258951089979503
94,0.095,0.528066686477549
95,0.096,0.530215405246836
96,0.097,0.5323336457357076
97,0.098,0.5344366470843716
98,0.099,0.5365244092928277
99,0.1,0.5385816932208685
100,0.101,0.5402656182138204
101,0.10200000000000001,0.542277184721238
102,0.10300000000000001,0.5442658925183441
103,0.10400000000000001,0.5462241220350348
104,0.10500000000000001,0.5481442537012062
105,0.106,0.5500567657972737
106,0.107,0.5519311800428219
107,0.108,0.5537903551481625
108,0.109,0.5556190519730877
109,0.11,0.5574325096578051
110,0.111,0.5592154890621072
111,0.112,0.5606708269519434
112,0.113,0.5624080889356222
113,0.114,0.5641453509193012
114,0.115,0.5658445150524607
115,0.116,0.5675360596155165
116,0.117,0.5692276041785722
117,0.11800000000000001,0.5708886704612126
118,0.11900000000000001,0.5725344976036452
119,0.12000000000000001,0.5741346073254547
120,0.121,0.5756889996266411
121,0.122,0.5772433919278275
122,0.123,0.5785387188454827
123,0.124,0.580047393726046
124,0.125,0.5815560686066092
125,0.126,0.5830647434871724
126,0.127,0.5845734183677357
127,0.128,0.586082093248299
128,0.129,0.5875907681288621
129,0.13,0.5890994430094254
130,0.131,0.5905776396095732
131,0.132,0.5920405970695133
132,0.133,0.5935035545294535
133,0.134,0.5947226857460702
134,0.135,0.5961856432060103
135,0.136,0.5976486006659504
136,0.137,0.5991115581258906
137,0.138,0.6005745155858306
138,0.139,0.6020374730457707
139,0.14,0.6035004305057109
140,0.14100000000000001,0.604963387965651
141,0.14200000000000002,0.606426345425591
142,0.14300000000000002,0.6078893028855312
143,0.14400000000000002,0.6093522603454713
144,0.14500000000000002,0.6105713915620881
145,0.146,0.6120343490220281
146,0.147,0.6134973064819683
147,0.148,0.6149602639419084
148,0.149,0.6164079822616408
149,0.15,0.6178252223009578
150,0.151,0.6192424623402748
151,0.152,0.6206368436692802
152,0.153,0.6220083662879741
153,0.154,0.6233646497664602
154,0.155,0.6246904549645309
155,0.156,0.6257952926295899
156,0.157,0.627098239117349
157,0.158,0.6283783268947966
158,0.159,0.6296584146722441
159,0.16,0.6309385024496917
160,0.161,0.6322185902271393
161,0.162,0.6334910584344832
162,0.163,0.6347254287913076
163,0.164,0.635959799148132
164,0.165,0.6371941695049566
165,0.166,0.638428539861781
166,0.167,0.6394571818258014
167,0.168,0.6406534543321066
168,0.169,0.6418421072683079
169,0.17,0.6430307602045092
170,0.171,0.6442194131407106
171,0.17200000000000001,0.6454004465068081
172,0.17300000000000001,0.6465433820223863
173,0.17400000000000002,0.6476863175379645
174,0.17500000000000002,0.6488292530535427
175,0.17600000000000002,0.649972188569121
176,0.177,0.651069406664076
177,0.178,0.6519837550765386
178,0.179,0.6530809731714937
179,0.18,0.6541781912664487
180,0.181,0.6552525506510922
181,0.182,0.6563040513254242
182,0.183,0.6573555519997561
183,0.184,0.6584070526740882
184,0.185,0.6594585533484201
185,0.186,0.6605024344526482
186,0.187,0.661508217706357
187,0.188,0.6625140009600659
188,0.189,0.6633521536714898
189,0.19,0.6643579369251987
190,0.191,0.6653637201789075
191,0.192,0.6663695034326164
192,0.193,0.6673676671162213
193,0.194,0.668327732949307
194,0.195,0.6692877987823928
195,0.196,0.6702478646154784
196,0.197,0.6712079304485641
197,0.198,0.6721679962816498
198,0.199,0.6731280621147355
199,0.2,0.6740805083777174
200,0.201,0.6748424653881028
201,0.202,0.6757568138005654
202,0.203,0.6766711622130279
203,0.20400000000000001,0.6775855106254906
204,0.20500000000000002,0.6784998590379531
205,0.20600000000000002,0.6794142074504157
206,0.20700000000000002,0.6802980775824627
207,0.20800000000000002,0.6811667085743023
208,0.20900000000000002,0.6820353395661417
209,0.21,0.6829039705579811
210,0.211,0.6837726015498206
211,0.212,0.6844964607096867
212,0.213,0.6853574721314224
213,0.214,0.6861803857026386
214,0.215,0.687003299273855
215,0.216,0.6878262128450713
216,0.217,0.6886491264162876
217,0.218,0.689472039987504
218,0.219,0.6902949535587202
219,0.22,0.6911178671299365
220,0.221,0.6919407807011528
221,0.222,0.6927332159919537
222,0.223,0.6933808794507814
223,0.224,0.6941580756013745
224,0.225,0.6949352717519678
225,0.226,0.6957124679025609
226,0.227,0.6964896640531542
227,0.228,0.6972668602037473
228,0.229,0.6980440563543405
229,0.23,0.6988212525049337
230,0.231,0.6995984486555269
231,0.232,0.70037564480612
232,0.233,0.7011528409567133
233,0.234,0.7018005044155409
234,0.23500000000000001,0.7025777005661341
235,0.23600000000000002,0.7033548967167272
236,0.23700000000000002,0.7041320928673205
237,0.23800000000000002,0.7049092890179136
238,0.23900000000000002,0.7056864851685067
239,0.24000000000000002,0.7064636813191
240,0.241,0.7072408774696931
241,0.242,0.7080180736202863
242,0.243,0.7087952697708795
243,0.244,0.7095724659214727
244,0.245,0.7102201293803003
245,0.246,0.7109973255308936
246,0.247,0.7117745216814867
247,0.248,0.7125517178320799
248,0.249,0.7133289139826731
249,0.25,0.7141061101332663
250,0.251,0.7148833062838594
251,0.252,0.7156605024344527
252,0.253,0.7164376985850458
253,0.254,0.717214894735639
254,0.255,0.7179920908862322
255,0.256,0.7186397543450599
256,0.257,0.719416950495653
257,0.258,0.7201941466462463
258,0.259,0.7209713427968394
259,0.26,0.7217485389474326
260,0.261,0.7225257350980258
261,0.262,0.7232724529682035
262,0.263,0.7240039316981736
263,0.264,0.7247354104281436
264,0.265,0.7254668891581137
265,0.266,0.7261983678880838
266,0.267,0.7268079334963922
267,0.268,0.7275394122263622
268,0.269,0.7282708909563322
269,0.27,0.7290023696863023
270,0.271,0.7297338484162723
271,0.272,0.7304653271462425
272,0.273,0.7311968058762125
273,0.274,0.7319282846061825
274,0.275,0.7326597633361526
275,0.276,0.7333912420661226
276,0.277,0.7341227207960926
277,0.278,0.734732286404401
278,0.279,0.7354637651343712
279,0.28,0.7361952438643412
280,0.281,0.7369267225943112
281,0.28200000000000003,0.7376582013242813
282,0.28300000000000003,0.7383896800542513
283,0.28400000000000003,0.7391211587842214
284,0.28500000000000003,0.7398526375141915
285,0.28600000000000003,0.7405841162441615
286,0.28700000000000003,0.7413155949741316
287,0.28800000000000003,0.7420470737041016
288,0.28900000000000003,0.74265663931241
289,0.29,0.74338811804238
290,0.291,0.7441195967723501
291,0.292,0.7448510755023202
292,0.293,0.7455825542322903
293,0.294,0.7463140329622603
294,0.295,0.7470455116922303
295,0.296,0.7477769904222004
296,0.297,0.7485084691521704
297,0.298,0.7492399478821405
298,0.299,0.7499714266121106
299,0.3,0.7507029053420806
300,0.301,0.751312470950389
301,0.302,0.752043949680359
302,0.303,0.7527754284103291
303,0.304,0.7535069071402991
304,0.305,0.7542383858702691
305,0.306,0.7549698646002393
306,0.307,0.7557013433302093
307,0.308,0.7564328220601794
308,0.309,0.7571643007901494
309,0.31,0.7578957795201194
310,0.311,0.7586272582500895
311,0.312,0.7592368238583979
312,0.313,0.759968302588368
313,0.314,0.760699781318338
314,0.315,0.7614312600483081
315,0.316,0.7621627387782781
316,0.317,0.7628942175082482
317,0.318,0.7636256962382182
318,0.319,0.7643571749681883
319,0.32,0.7650886536981584
320,0.321,0.7658201324281284
321,0.322,0.7665516111580984
322,0.323,0.7671611767664068
323,0.324,0.7678926554963769
324,0.325,0.7686241342263469
325,0.326,0.769355612956317
326,0.327,0.7700870916862871
327,0.328,0.7708185704162571
328,0.329,0.7715500491462272
329,0.33,0.7722815278761972
330,0.331,0.7730130066061672
331,0.332,0.7737444853361374
332,0.333,0.7744759640661074
333,0.334,0.7750855296744158
334,0.335,0.7758170084043858
335,0.336,0.7765484871343559
336,0.337,0.7772799658643259
337,0.338,0.7780114445942959
338,0.339,0.7787429233242661
339,0.34,0.7794744020542361
340,0.341,0.7802058807842062
341,0.342,0.7809373595141762
342,0.343,0.7816688382441462
343,0.34400000000000003,0.7824003169741163
344,0.34500000000000003,0.7830098825824247
345,0.34600000000000003,0.7837413613123948
346,0.34700000000000003,0.7844728400423648
347,0.34800000000000003,0.7852043187723349
348,0.34900000000000003,0.7859357975023049
349,0.35000000000000003,0.786667276232275
350,0.35100000000000003,0.787398754962245
351,0.35200000000000004,0.7881302336922151
352,0.353,0.7888617124221852
353,0.354,0.7895931911521552
354,0.355,0.7903246698821252
355,0.356,0.7909342354904336
356,0.357,0.7916657142204037
357,0.358,0.7923971929503737
358,0.359,0.7931286716803438
359,0.36,0.7938601504103139
360,0.361,0.7945916291402839
361,0.362,0.795323107870254
362,0.363,0.796054586600224
363,0.364,0.796786065330194
364,0.365,0.7975175440601642
365,0.366,0.7982490227901342
366,0.367,0.7988585883984426
367,0.368,0.7995900671284126
368,0.369,0.8003215458583827
369,0.37,0.8010530245883527
370,0.371,0.8017845033183227
371,0.372,0.8025159820482929
372,0.373,0.8032474607782629
373,0.374,0.803978939508233
374,0.375,0.804710418238203
375,0.376,0.805441896968173
376,0.377,0.8061733756981431
377,0.378,0.8067829413064515
378,0.379,0.8075144200364216
379,0.38,0.8082458987663916
380,0.381,0.8089773774963617
381,0.382,0.8097088562263317
382,0.383,0.8104403349563017
383,0.384,0.8111718136862718
384,0.385,0.8119032924162419
385,0.386,0.812634771146212
386,0.387,0.813366249876182
387,0.388,0.814097728606152
388,0.389,0.8147072942144604
389,0.39,0.8154387729444305
390,0.391,0.8161702516744005
391,0.392,0.8169017304043706
392,0.393,0.8176332091343407
393,0.394,0.8183646878643107
394,0.395,0.8190961665942808
395,0.396,0.8198276453242508
396,0.397,0.8205591240542208
397,0.398,0.821290602784191
398,0.399,0.822022081514161
399,0.4,0.822753560244131
400,0.401,0.8233631258524394
401,0.402,0.8240946045824095
402,0.403,0.8248260833123795
403,0.404,0.8255575620423495
404,0.405,0.8262890407723196
405,0.406,0.8270205195022897
406,0.40700000000000003,0.8277519982322598
407,0.40800000000000003,0.8284834769622298
408,0.40900000000000003,0.8292149556921998
409,0.41000000000000003,0.8299464344221699
410,0.41100000000000003,0.8306779131521399
411,0.41200000000000003,0.8312874787604483
412,0.41300000000000003,0.8320189574904184
413,0.41400000000000003,0.8327504362203885
414,0.41500000000000004,0.8334819149503585
415,0.41600000000000004,0.8342133936803285
416,0.41700000000000004,0.8349448724102986
417,0.418,0.8356763511402686
418,0.419,0.8364078298702388
419,0.42,0.8371393086002088
420,0.421,0.8378707873301788
421,0.422,0.8386022660601489
422,0.423,0.8392118316684573
423,0.424,0.8399433103984273
424,0.425,0.8406747891283973
425,0.426,0.8414062678583675
426,0.427,0.8421377465883375
427,0.428,0.8428692253183075
428,0.429,0.8436007040482776
429,0.43,0.8443321827782476
430,0.431,0.8450636615082177
431,0.432,0.8457951402381878
432,0.433,0.8465266189681578
433,0.434,0.8471361845764662
434,0.435,0.8478676633064363
435,0.436,0.8485839028961986
436,0.437,0.8492696642055455
437,0.438,0.8499554255148924
438,0.439,0.8506411868242394
439,0.44,0.8513269481335863
440,0.441,0.8520127094429333
441,0.442,0.8526984707522801
442,0.443,0.8533842320616271
443,0.444,0.854069993370974
444,0.445,0.8546414611287632
445,0.446,0.85532722243811
446,0.447,0.8560129837474569
447,0.448,0.8566530276361808
448,0.449,0.8572930715249045
449,0.45,0.8579331154136284
450,0.451,0.8585731593023521
451,0.452,0.859213203191076
452,0.453,0.8598532470797997
453,0.454,0.8604932909685236
454,0.455,0.8611333348572473
455,0.456,0.8616667047645172
456,0.457,0.862306748653241
457,0.458,0.8629467925419648
458,0.459,0.8635868364306886
459,0.46,0.8642268803194124
460,0.461,0.8648669242081362
461,0.462,0.8654764898164445
462,0.463,0.8660708162845452
463,0.464,0.866665142752646
464,0.465,0.8672594692207466
465,0.466,0.8678537956888472
466,0.467,0.8683490677455978
467,0.468,0.8689433942136985
468,0.46900000000000003,0.8695377206817991
469,0.47000000000000003,0.8701320471498998
470,0.47100000000000003,0.8707263736180004
471,0.47200000000000003,0.8713207000861012
472,0.47300000000000003,0.8719150265542018
473,0.47400000000000003,0.8725093530223025
474,0.47500000000000003,0.8731036794904031
475,0.47600000000000003,0.8736980059585038
476,0.47700000000000004,0.8742923324266045
477,0.47800000000000004,0.874787604483355
478,0.47900000000000004,0.8753819309514557
479,0.48000000000000004,0.875945779139141
480,0.481,0.8764943881866185
481,0.482,0.8770429972340961
482,0.483,0.8775916062815736
483,0.484,0.8781402153290512
484,0.485,0.8786888243765286
485,0.486,0.8792374334240062
486,0.487,0.8797860424714837
487,0.488,0.8803346515189613
488,0.489,0.8807918257251925
489,0.49,0.8813404347726701
490,0.491,0.8818890438201477
491,0.492,0.8824376528676252
492,0.493,0.8829862619151028
493,0.494,0.8835348709625803
494,0.495,0.8840834800100579
495,0.496,0.8846320890575353
496,0.497,0.8851806981050129
497,0.498,0.8857293071524904
498,0.499,0.886277916199968
499,0.5,0.8868265252474455
500,0.501,0.8872608407433653
501,0.502,0.8877637323702197
502,0.503,0.8882666239970741
503,0.504,0.8887695156239285
504,0.505,0.8892724072507829
505,0.506,0.8897752988776373
506,0.507,0.8902781905044918
507,0.508,0.8907810821313461
508,0.509,0.8912839737582006
509,0.51,0.891786865385055
510,0.511,0.8922897570119094
511,0.512,0.8927088333676214
512,0.513,0.8932117249944758
513,0.514,0.8937146166213302
514,0.515,0.8942175082481847
515,0.516,0.894720399875039
516,0.517,0.8952232915018935
517,0.518,0.8957261831287479
518,0.519,0.8962290747556023
519,0.52,0.8967319663824567
520,0.521,0.8972348580093111
521,0.522,0.8977377496361655
522,0.523,0.8981568259918775
523,0.524,0.898659717618732
524,0.525,0.8991626092455863
525,0.526,0.8996655008724408
526,0.527,0.9001607729291914
527,0.528,0.9006179471354226
528,0.529,0.9010751213416539
529,0.53,0.9015322955478852
530,0.531,0.9019894697541164
531,0.532,0.9024466439603478
532,0.533,0.902903818166579
533,0.534,0.9032847966717718
534,0.535,0.903741970878003
535,0.536,0.9041991450842344
536,0.537,0.9046563192904656
537,0.538,0.9051134934966969
538,0.539,0.9055706677029282
539,0.54,0.9060278419091595
540,0.541,0.9064850161153908
541,0.542,0.906942190321622
542,0.543,0.9073993645278533
543,0.544,0.9078565387340847
544,0.545,0.9082375172392774
545,0.546,0.9086946914455086
546,0.547,0.9091518656517399
547,0.548,0.9096090398579713
548,0.549,0.9100662140642025
549,0.55,0.9105233882704338
550,0.551,0.910980562476665
551,0.552,0.9114377366828964
552,0.553,0.9118949108891277
553,0.554,0.9123520850953589
554,0.555,0.9128092593015902
555,0.556,0.913190237806783
556,0.557,0.9136474120130142
557,0.558,0.9141045862192455
558,0.559,0.9145617604254768
559,0.56,0.915018934631708
560,0.561,0.9154761088379394
561,0.562,0.9158875656235476
562,0.5630000000000001,0.9162990224091557
563,0.5640000000000001,0.9167104791947638
564,0.5650000000000001,0.917121935980372
565,0.5660000000000001,0.9175333927659801
566,0.5670000000000001,0.9178762734206536
567,0.5680000000000001,0.9182877302062618
568,0.5690000000000001,0.9186991869918699
569,0.5700000000000001,0.9191106437774781
570,0.5710000000000001,0.9195221005630863
571,0.5720000000000001,0.9199335573486944
572,0.5730000000000001,0.9203450141343026
573,0.5740000000000001,0.9207564709199108
574,0.5750000000000001,0.9211679277055188
575,0.5760000000000001,0.921579384491127
576,0.5770000000000001,0.9219908412767351
577,0.578,0.9223337219314086
578,0.579,0.9227451787170168
579,0.58,0.923156635502625
580,0.581,0.9235680922882331
581,0.582,0.9239795490738413
582,0.583,0.9243910058594494
583,0.584,0.9248024626450576
584,0.585,0.9251758215801464
585,0.586,0.9255415609451315
586,0.587,0.9259073003101165
587,0.588,0.9262730396751016
588,0.589,0.9265778224792557
589,0.59,0.9269435618442408
590,0.591,0.9273093012092257
591,0.592,0.9276750405742108
592,0.593,0.9280407799391959
593,0.594,0.9284065193041808
594,0.595,0.9287722586691659
595,0.596,0.9291379980341509
596,0.597,0.9295037373991359
597,0.598,0.929869476764121
598,0.599,0.930235216129106
599,0.6,0.930600955494091
600,0.601,0.9309057382982452
601,0.602,0.9312714776632303
602,0.603,0.9316372170282152
603,0.604,0.9320029563932003
604,0.605,0.9323686957581854
605,0.606,0.9327344351231703
606,0.607,0.9331001744881554
607,0.608,0.9334659138531404
608,0.609,0.9338316532181254
609,0.61,0.9341973925831104
610,0.611,0.9345631319480955
611,0.612,0.934852675612042
612,0.613,0.9351726975564039
613,0.614,0.9354927195007657
614,0.615,0.9358127414451277
615,0.616,0.9361327633894896
616,0.617,0.9364527853338515
617,0.618,0.9367728072782133
618,0.619,0.9370928292225753
619,0.62,0.9374128511669372
620,0.621,0.937732873111299
621,0.622,0.9380528950556609
622,0.623,0.9383195800092958
623,0.624,0.9386396019536578
624,0.625,0.9389596238980197
625,0.626,0.9392796458423815
626,0.627,0.9395996677867434
627,0.628,0.9399196897311054
628,0.629,0.9402397116754673
629,0.63,0.9405597336198291
630,0.631,0.9408797555641911
631,0.632,0.941199777508553
632,0.633,0.9415197994529149
633,0.634,0.9417864844065498
634,0.635,0.9421065063509116
635,0.636,0.9424265282952736
636,0.637,0.9427465502396355
637,0.638,0.9430665721839974
638,0.639,0.9433865941283592
639,0.64,0.9436913769325135
640,0.641,0.9439656814562523
641,0.642,0.944239985979991
642,0.643,0.9445142905037298
643,0.644,0.9447885950274686
644,0.645,0.9450171821305842
645,0.646,0.9452914866543229
646,0.647,0.9455657911780617
647,0.648,0.9458400957018005
648,0.649,0.9461144002255393
649,0.65,0.946388704749278
650,0.651,0.9466630092730168
651,0.652,0.9469373137967556
652,0.653,0.9472116183204944
653,0.654,0.9474859228442332
654,0.655,0.9477602273679719
655,0.656,0.9479888144710875
656,0.657,0.9482631189948263
657,0.658,0.9485374235185651
658,0.659,0.9488117280423038
659,0.66,0.9490860325660426
660,0.661,0.9493603370897814
661,0.662,0.9496346416135202
662,0.663,0.949908946137259
663,0.664,0.9501832506609977
664,0.665,0.9504575551847365
665,0.666,0.9507318597084753
666,0.667,0.9509604468115909
667,0.668,0.9512347513353296
668,0.669,0.9515090558590684
669,0.67,0.9517833603828072
670,0.671,0.952057664906546
671,0.672,0.9523319694302848
672,0.673,0.9526062739540235
673,0.674,0.9528805784777623
674,0.675,0.9531548830015011
675,0.676,0.9534291875252399
676,0.677,0.9537034920489786
677,0.678,0.9539320791520942
678,0.679,0.954206383675833
679,0.68,0.9544806881995718
680,0.681,0.9547549927233105
681,0.682,0.9550292972470493
682,0.683,0.9553036017707881
683,0.684,0.9555779062945269
684,0.685,0.9558522108182657
685,0.686,0.9561265153420044
686,0.687,0.9564008198657432
687,0.6880000000000001,0.9566294069688588
688,0.6890000000000001,0.9568198962214551
689,0.6900000000000001,0.9570484833245708
690,0.6910000000000001,0.9572770704276865
691,0.6920000000000001,0.9575056575308021
692,0.6930000000000001,0.9577342446339178
693,0.6940000000000001,0.9579628317370334
694,0.6950000000000001,0.958191418840149
695,0.6960000000000001,0.9584200059432647
696,0.6970000000000001,0.9586485930463803
697,0.6980000000000001,0.958877180149496
698,0.6990000000000001,0.9591057672526117
699,0.7000000000000001,0.9593343543557272
700,0.7010000000000001,0.9595248436083236
701,0.7020000000000001,0.9597534307114393
702,0.7030000000000001,0.9599820178145549
703,0.7040000000000001,0.9602106049176705
704,0.705,0.9604391920207862
705,0.706,0.9606677791239018
706,0.707,0.9608963662270175
707,0.708,0.9611249533301331
708,0.709,0.9613535404332487
709,0.71,0.9615821275363644
710,0.711,0.9618107146394801
711,0.712,0.9620012038920764
712,0.713,0.962229790995192
713,0.714,0.9624583780983077
714,0.715,0.9626869652014234
715,0.716,0.962915552304539
716,0.717,0.9631441394076546
717,0.718,0.9633727265107702
718,0.719,0.9636013136138859
719,0.72,0.9638299007170016
720,0.721,0.9640584878201172
721,0.722,0.9642870749232328
722,0.723,0.9644775641758292
723,0.724,0.9647061512789449
724,0.725,0.9649347383820605
725,0.726,0.9651633254851761
726,0.727,0.9653919125882918
727,0.728,0.9656204996914074
728,0.729,0.9658490867945231
729,0.73,0.9660776738976387
730,0.731,0.9663062610007543
731,0.732,0.96653484810387
732,0.733,0.9667634352069856
733,0.734,0.966953924459582
734,0.735,0.9671825115626976
735,0.736,0.9674110986658133
736,0.737,0.9676396857689289
737,0.738,0.9678682728720446
738,0.739,0.9680968599751602
739,0.74,0.9683254470782758
740,0.741,0.9685540341813915
741,0.742,0.9687826212845071
742,0.743,0.9690112083876228
743,0.744,0.9692397954907385
744,0.745,0.9694302847433348
745,0.746,0.9696588718464504
746,0.747,0.9698874589495661
747,0.748,0.9701160460526818
748,0.749,0.9703446331557973
749,0.75,0.970573220258913
750,0.751,0.9708018073620286
751,0.752,0.9710303944651443
752,0.753,0.97125898156826
753,0.754,0.9714418512507524
754,0.755,0.9716247209332449
755,0.756,0.971777112335322
756,0.757,0.9719599820178145
757,0.758,0.9721428517003071
758,0.759,0.9723257213827996
759,0.76,0.9725085910652921
760,0.761,0.9726914607477846
761,0.762,0.9728743304302772
762,0.763,0.9730572001127696
763,0.764,0.9732400697952621
764,0.765,0.9734229394777547
765,0.766,0.9736058091602472
766,0.767,0.9737582005623243
767,0.768,0.9739410702448168
768,0.769,0.9741239399273093
769,0.77,0.9743068096098018
770,0.771,0.9744896792922944
771,0.772,0.9746725489747868
772,0.773,0.9748554186572793
773,0.774,0.9750382883397719
774,0.775,0.9752211580222644
775,0.776,0.9754040277047569
776,0.777,0.9755868973872495
777,0.778,0.9757392887893265
778,0.779,0.9759221584718191
779,0.78,0.9761050281543115
780,0.781,0.976287897836804
781,0.782,0.9764707675192965
782,0.783,0.9766536372017891
783,0.784,0.9768365068842816
784,0.785,0.9770193765667741
785,0.786,0.9772022462492667
786,0.787,0.9773851159317591
787,0.788,0.9775679856142516
788,0.789,0.9777203770163287
789,0.79,0.9779032466988212
790,0.791,0.9780861163813138
791,0.792,0.9782689860638063
792,0.793,0.9784518557462988
793,0.794,0.9786347254287913
794,0.795,0.9788175951112839
795,0.796,0.9790004647937763
796,0.797,0.9791833344762688
797,0.798,0.9793662041587614
798,0.799,0.9795490738412539
799,0.8,0.9797319435237464
800,0.801,0.9798843349258235
801,0.802,0.980067204608316
802,0.803,0.9802500742908085
803,0.804,0.980432943973301
804,0.805,0.9806158136557935
805,0.806,0.980798683338286
806,0.807,0.9809815530207786
807,0.808,0.9811644227032711
808,0.809,0.9813472923857636
809,0.81,0.9815301620682562
810,0.811,0.9817130317507486
811,0.812,0.9818654231528258
812,0.8130000000000001,0.9820482928353182
813,0.8140000000000001,0.9822311625178107
814,0.8150000000000001,0.9824140322003032
815,0.8160000000000001,0.9825969018827958
816,0.8170000000000001,0.9827797715652883
817,0.8180000000000001,0.9829626412477808
818,0.8190000000000001,0.9831302717900656
819,0.8200000000000001,0.983267424051935
820,0.8210000000000001,0.9834045763138044
821,0.8220000000000001,0.9835417285756738
822,0.8230000000000001,0.9836560221272316
823,0.8240000000000001,0.983793174389101
824,0.8250000000000001,0.9839303266509704
825,0.8260000000000001,0.9840674789128397
826,0.8270000000000001,0.9842046311747091
827,0.8280000000000001,0.9843417834365785
828,0.8290000000000001,0.9844789356984479
829,0.8300000000000001,0.9846160879603173
830,0.8310000000000001,0.9847532402221867
831,0.8320000000000001,0.9848903924840561
832,0.8330000000000001,0.9850275447459255
833,0.834,0.9851418382974833
834,0.835,0.9852789905593526
835,0.836,0.985416142821222
836,0.837,0.9855532950830914
837,0.838,0.9856904473449608
838,0.839,0.9858275996068302
839,0.84,0.9859647518686996
840,0.841,0.986101904130569
841,0.842,0.9862390563924384
842,0.843,0.9863762086543078
843,0.844,0.9865133609161771
844,0.845,0.9866276544677349
845,0.846,0.9867648067296043
846,0.847,0.9869019589914737
847,0.848,0.9870391112533431
848,0.849,0.9871762635152125
849,0.85,0.9873134157770819
850,0.851,0.9874505680389513
851,0.852,0.9875877203008206
852,0.853,0.98772487256269
853,0.854,0.9878620248245594
854,0.855,0.9879991770864288
855,0.856,0.9881134706379866
856,0.857,0.988250622899856
857,0.858,0.9883877751617254
858,0.859,0.9885249274235948
859,0.86,0.9886620796854642
860,0.861,0.9887992319473335
861,0.862,0.9889363842092029
862,0.863,0.9890735364710723
863,0.864,0.9892106887329417
864,0.865,0.9893478409948111
865,0.866,0.9894849932566805
866,0.867,0.9895992868082383
867,0.868,0.9897364390701077
868,0.869,0.989873591331977
869,0.87,0.9900107435938464
870,0.871,0.9901478958557158
871,0.872,0.9902850481175852
872,0.873,0.9904222003794546
873,0.874,0.990559352641324
874,0.875,0.9906965049031934
875,0.876,0.9908336571650628
876,0.877,0.9909708094269322
877,0.878,0.99108510297849
878,0.879,0.9911917769599439
879,0.88,0.9912832118011902
880,0.881,0.9913746466424365
881,0.882,0.9914660814836826
882,0.883,0.991557516324929
883,0.884,0.9916489511661752
884,0.885,0.9917403860074214
885,0.886,0.9918318208486677
886,0.887,0.991923255689914
887,0.888,0.9920146905311602
888,0.889,0.9920908862321988
889,0.89,0.9921823210734451
890,0.891,0.9922737559146912
891,0.892,0.9923651907559375
892,0.893,0.9924566255971838
893,0.894,0.99254806043843
894,0.895,0.9926394952796763
895,0.896,0.9927309301209226
896,0.897,0.9928223649621688
897,0.898,0.9929137998034151
898,0.899,0.9930052346446614
899,0.9,0.9930966694859076
900,0.901,0.9931728651869461
901,0.902,0.9932643000281924
902,0.903,0.9933557348694386
903,0.904,0.9934471697106849
904,0.905,0.9935386045519312
905,0.906,0.9936300393931774
906,0.907,0.9937214742344237
907,0.908,0.99381290907567
908,0.909,0.9939043439169162
909,0.91,0.9939957787581625
910,0.911,0.9940872135994088
911,0.912,0.9941634093004472
912,0.913,0.9942548441416935
913,0.914,0.9943462789829398
914,0.915,0.994437713824186
915,0.916,0.9945291486654323
916,0.917,0.9946205835066786
917,0.918,0.9947120183479248
918,0.919,0.9948034531891711
919,0.92,0.9948948880304174
920,0.921,0.9949863228716636
921,0.922,0.9950777577129098
922,0.923,0.9951539534139484
923,0.924,0.9952453882551946
924,0.925,0.9953368230964409
925,0.926,0.9954282579376872
926,0.927,0.9955196927789334
927,0.928,0.9956111276201797
928,0.929,0.995702562461426
929,0.93,0.9957939973026722
930,0.931,0.9958854321439184
931,0.932,0.9959768669851647
932,0.933,0.9960683018264109
933,0.934,0.9961444975274495
934,0.935,0.9962359323686958
935,0.936,0.996327367209942
936,0.937,0.9964188020511883
937,0.9380000000000001,0.9965102368924346
938,0.9390000000000001,0.9966016717336807
939,0.9400000000000001,0.996693106574927
940,0.9410000000000001,0.9967845414161733
941,0.9420000000000001,0.9968759762574195
942,0.9430000000000001,0.9969674110986658
943,0.9440000000000001,0.9970588459399121
944,0.9450000000000001,0.9971350416409506
945,0.9460000000000001,0.9972264764821969
946,0.9470000000000001,0.9973179113234432
947,0.9480000000000001,0.9974093461646893
948,0.9490000000000001,0.9975007810059356
949,0.9500000000000001,0.9975922158471819
950,0.9510000000000001,0.9976836506884281
951,0.9520000000000001,0.9977750855296744
952,0.9530000000000001,0.9978665203709207
953,0.9540000000000001,0.9979274769317515
954,0.9550000000000001,0.9979731943523746
955,0.9560000000000001,0.9980112922028939
956,0.9570000000000001,0.9980570096235171
957,0.9580000000000001,0.9981027270441402
958,0.9590000000000001,0.9981484444647633
959,0.9600000000000001,0.9981941618853865
960,0.961,0.9982398793060095
961,0.962,0.9982855967266326
962,0.963,0.9983313141472558
963,0.964,0.9983770315678789
964,0.965,0.998422748988502
965,0.966,0.9984684664091252
966,0.967,0.9985065642596445
967,0.968,0.9985522816802676
968,0.969,0.9985979991008908
969,0.97,0.9986437165215138
970,0.971,0.9986894339421369
971,0.972,0.9987351513627601
972,0.973,0.9987808687833832
973,0.974,0.9988265862040063
974,0.975,0.9988723036246295
975,0.976,0.9989180210452526
976,0.977,0.9989637384658757
977,0.978,0.999001836316395
978,0.979,0.9990475537370181
979,0.98,0.9990932711576412
980,0.981,0.9991389885782644
981,0.982,0.9991847059988875
982,0.983,0.9992304234195106
983,0.984,0.9992761408401338
984,0.985,0.9993218582607569
985,0.986,0.99936757568138
986,0.987,0.9994132931020032
987,0.988,0.9994590105226263
988,0.989,0.9994971083731455
989,0.99,0.9995428257937687
990,0.991,0.9995885432143918
991,0.992,0.9996342606350149
992,0.993,0.9996799780556381
993,0.994,0.9997256954762612
994,0.995,0.9997714128968843
995,0.996,0.9998171303175075
996,0.997,0.9998628477381306
997,0.998,0.9999085651587537
998,0.999,0.9999542825793769
999,1.0,1.0
1000,1.001,1.0
1001,1.002,1.0
1002,1.003,1.0
1003,1.004,1.0
1004,1.005,1.0
1005,1.006,1.0
1006,1.007,1.0
1007,1.008,1.0
1008,1.009,1.0
1009,1.01,1.0
