,News Org,Score Per Comment
0,reuters,126.58632748295948
1,cnn,305.93257500884636
2,theguardian,417.5930121480257
3,apnews,130.74505578587033
4,independent,3040.715529931432
5,bbc,465.7452373796993
6,businessinsider,1525.6145799286355
7,thehill,2238.0712865470437
8,washingtonpost,304.3644946448001
9,nbcnews,247.8700122176275
10,cnbc,194.13964075749635
11,nytimes,386.0239005959137
12,newsweek,1629.5382404694674
13,cbsnews,166.70170864743454
14,go,257.1338031150066
15,commondreams,2563.3345343546935
16,politico,657.8945847723687
17,huffpost,531.2199908379886
18,dw,941.7198496159747
19,france24,245.34156262912282
20,reddit,173.90302183893075
21,aljazeera,477.4280129381306
22,thedailybeast,1218.7176407475079
23,axios,750.4910148333329
24,bloomberg,468.83323020612323
25,sky,359.32523892287054
26,npr,439.367492604879
27,msnbc,355.5604221622912
28,jpost,278.02588985521163
29,yahoo,726.8792006268511
30,cbc,486.8306502099828
31,vice,1251.4290039209584
32,pravda,365.42834715737024
33,salon,763.2180685480527
34,timesofisrael,935.4839639656599
35,rollingstone,95.04270513759414
36,usatoday,1004.1026164512073
37,foxnews,599.5166024372948
38,newrepublic,70.78779122771621
39,theweek,2484.1160043475115
40,abc,637.8670419438247
41,lgbtqnation,96.5351430684563
42,msn,244.9162896315951
43,lawandcrime,24205.65000234648
44,slate,2594.426740060251
45,ukrinform,417.35512787092847
46,latimes,306.6785666068018
47,dailymail,2357.986842170149
48,pbs,257.27330976563354
49,themoscowtimes,3206.301193368044
50,theatlantic,1291.998734201056
51,truthout,390.32861880117804
52,ctvnews,423.1846191564092
53,vox,1145.5944384613647
54,euronews,835.3844096469146
55,kyodonews,29.7310606
56,rferl,206.47276112520825
57,talkingpointsmemo,1451.2695178120339
58,texastribune,2128.182174819968
59,scmp,4867.817691011379
60,vanityfair,634.8060472178389
61,time,2884.400764709671
62,ndtv,730.5740815213978
63,motherjones,761.3022757524404
64,globalnews,390.2366880969879
65,nymag,5614.808307713127
66,hongkongfp,70430.84263028324
67,ajc,1060.3330642015262
68,arstechnica,674.2317719788222
69,nypost,5223.0998326735935
70,ibtimes,1082.4867178452578
71,thenation,1119.4785909628267
72,forbes,55913.05118211913
73,usnews,461.2911611447196
74,marketwatch,3425.0525181918733
75,fivethirtyeight,16.765662174946478
76,haaretz,4014.7434505699207
77,deadline,189.06621524903525
78,washingtonexaminer,605.7664851070978
79,buzzfeednews,1564.4013633547984
80,theintercept,1623.8110066625638
81,voanews,2466.769153580106
82,swissinfo,519.3636680637343
83,alarabiya,723.2038688931156
84,yle,94.65462086017821
85,asahi,7416.827003783596
86,nikkei,1062.2566660665468
87,miamiherald,776.3225282637561
88,standard,828.4363315696648
89,telegraph,10214.960960387809
90,abc13,594.2697430890989
91,inquirer,84.72737214706393
92,propublica,259.29357079071156
93,mlive,385.9485311774815
94,nzherald,279.498947370074
95,sfgate,1559.6264513613505
96,wbrz,15.939607341079954
97,politifact,2407.517655119667
98,nydailynews,72451.52674859221
99,metrotimes,929.6550454435157
100,whitehouse,14.125533860741676
101,taiwannews,2243.8589355521312
102,azcentral,557.9200001227587
103,thehindu,3307.2027821492393
104,theverge,926.4272564505826
105,iranintl,66.67913335689148
106,rawstory,726.4787556965688
107,esquire,572.5264914488746
108,people,191.76918729512892
109,sbs,1032.9807601826171
110,bostonglobe,155598.82352941178
111,focustaiwan,978.4999996137083
112,metro,202017.6956865256
113,japantimes,3317.8444722048716
114,aa,2066.785395428505
115,reason,1893.0973156363395
116,nbcbayarea,109.20357536833416
117,sltrib,2026.3383084577113
118,kiro7,235.33843464423705
119,chron,448.8677230451976
120,stuff,2827.8589086065576
121,nationalpost,599.7982293293259
122,huffingtonpost,337561.50086223707
123,indianexpress,653.4894057486567
124,fox5dc,363.94653819775544
125,mirror,-1.0
126,dallasnews,10676.094826020388
127,rnz,17487.865603263235
128,smh,715.8818641146469
129,freep,653.8282668131498
130,theroot,4558.294266685773
131,pennlive,227.48681366723287
132,jacobin,212.88194444480226
133,hindustantimes,37.1459074715
134,wtop,243.06515520000002
135,iranwire,24.46495327393969
136,theprint,16978.821228618548
137,fortune,1208.5123550138733
138,abc15,296.8823920877074
139,denverpost,675.9599080952516
140,euroweeklynews,396.89059815169077
141,barrons,13.364281489928528
142,nbcwashington,50.730408128861555
143,newschannel5,1029.9508664997936
144,orlandosentinel,137.60930239364023
145,nltimes,2996.8150983918244
146,tampabay,2172.028622765923
147,abc7,123.82987302932416
148,fox4news,305.4643221483007
149,houstonchronicle,985.2706558354201
150,nv,143.0310478889412
151,yna,16.751179618558645
152,washingtonmonthly,24269.145077787765
153,ansa,24386.09613677458
154,telex,10.473629784063547
155,channelnewsasia,26.887850459554983
156,arabnews,4914.948276302719
157,nbcnewyork,53.60804195897436
158,cnet,297.00764095716073
159,local10,624.1765609416854
160,straitstimes,439.65524802676214
161,espn,374.8943313672947
162,nbc12,838.0090134930936
163,kansascity,136.59157209605863
164,news,276.3546391176756
165,cp24,387.4116655931284
166,fox5atlanta,191.35854416333777
167,un,300.2867924528302
168,house,8480.893390402694
169,wsj,7.717378743213216
170,wfla,6563.44248019096
171,abovethelaw,607.8117887933616
172,cleveland,1683.9516079417162
173,opb,205.4395398490231
174,lrt,8004.820051907629
175,thebulwark,135.77021275371737
176,dailydot,-1.0
177,nj,586.4648904030267
178,fox5ny,175.0368785918576
179,senate,5864.043478260869
180,thelocal,34640.890751125866
181,economist,831.6067157325546
182,rte,846.090336898009
183,citizensforethics,845.9565962166494
184,rthk,802.5255138664161
185,startribune,46115.08108
186,abc7chicago,105.31721531154
187,jsonline,161.35211259859477
188,newyorker,69.80078382012017
189,kstp,175.2868442347556
190,irrawaddy,3050.6666786026667
191,courier-journal,709.4111696550389
192,bloomberglaw,61.073770462207065
193,livemint,34.47688840176324
194,upi,2894.4531626339476
195,oilprice,690.2808350133171
196,theglobeandmail,57450.70209428469
197,alaraby,68157.31998008449
198,desmoinesregister,732.3819940399458
199,middleeastmonitor,2001.9322492686067
200,indiatoday,4676.83613685033
201,space,1193.6679871964338
202,theregister,514.6428137393423
203,express,-1.0
204,kyivindependent,482.8208363903155
205,thelondoneconomic,-1.0
206,i24news,1508.3845297264097
207,kyivpost,34.64367815523024
208,nunzium,-1.0
209,stripes,883.6650737864035
210,thenationalnews,14.884841363911262
211,wral,385.31121691032547
212,thestar,10601.144578571115
213,middleeasteye,22.82242430686501
214,hollywoodreporter,-1.0
215,thejournal,-1.0
216,insider,1025973.0076522975
217,economictimes,222.83539091699066
218,al,95416.00072712
219,ktar,159.36263731727595
220,seattletimes,1320.7298082882894
221,wsbtv,798.7313154616594
222,wpxi,120.55646624459607
223,ynetnews,38.39197531137571
224,oregonlive,47760.557378996775
225,prospect,44.61267607496206
226,comicbook,-1.0
227,nationalreview,37.305623469072806
228,mongabay,61976.249992401186
229,trtworld,10.236180904961618
230,wbur,1546.0479314796376
231,washingtontimes,1800.1213457778204
232,timesunion,14161.249948145314
233,pasquines,34.14736842539169
234,gizmodo,278558.49972144153
235,nbcphiladelphia,260.43358394216966
236,clickondetroit,366.4196268741107
237,timesofindia,2565.195153942983
238,allafrica,4.996735581893646
239,theadvocate,-1.0
240,nbcdfw,363.0676771741251
241,navalnews,2293.0625022055624
242,lawfareblog,149.3444444101311
243,intermarium24,-1.0
244,lemonde,520.4636845767077
245,democracynow,6019.991902981861
246,foreignpolicy,7338.627790967742
247,fox2detroit,1278.9762380243922
248,pinknews,1449.149397590719
249,news5cleveland,-1.0
250,sun-sentinel,91.61159169241004
251,statesman,401.078410862421
252,fox29,1873.0
253,cbsaustin,447.4319652431133
254,billboard,76.00688164104729
255,keranews,8312.83211781984
256,fox13news,368.13840491421877
257,rt,-1.0
258,cbslocal,-1.0
259,abc7ny,12725.177776
260,digitaljournal,-1.0
261,nbcsandiego,2507.182135036136
262,financialpost,15909.28095314286
263,nbc-2,-1.0
264,koreatimes,594.1273159750737
265,click2houston,16.979301737674817
266,indiatimes,131.54166663517015
267,hrw,874.1904763926259
268,mod,-1.0
269,dutchnews,119.99766355252333
270,notesfrompoland,12.065723414375498
271,techcrunch,35379.08749807761
272,sacbee,6646.3509103868755
273,cnnphilippines,177.90396089317304
274,sfchronicle,168.7721088331185
275,theconversation,29.388636365000004
276,masslive,87.46971292244037
277,euractiv,353064.4996769355
278,wftv,-1.0
279,abc7news,903.0583069813192
280,wjla,1415837.497238325
281,foxbusiness,4110.930313757269
282,tribuneindia,488.06320226483103
283,dispatch,495.4696508283855
284,newsobserver,115.92553194110322
285,navytimes,21.63993127271257
286,eastbaytimes,4166.55769195193
287,kion546,192.97364337184987
288,ktvu,142.71049699737375
289,defensenews,75.43243242970377
290,8newsnow,36.79285713439357
291,japantoday,50722.47995787982
292,intellinews,-1.0
293,ahram,6770.3348837209305
294,speaker,1408.815366972477
295,tmj4,380.60126805213105
296,interfax,15583.810055865924
297,wfae,107.77027030178506
298,wrtv,2834.3372794487955
299,kob,-1.0
300,7news,-1.0
301,eurointegration,8930.611102569388
302,phys,17.018938110376276
303,ukdefencejournal,-1.0
304,mcclatchydc,145.523622051757
305,business-standard,7.3220686132031565
306,soranews24,1915.2476634225675
307,greekreporter,2790.5714253522856
308,nbcboston,-1.0
309,wisconsinwatch,36.823008863483594
310,forward,3789.14285709372
311,popularmechanics,-1.0
312,live5news,21688.173086256204
313,al-monitor,33.90425532554102
314,wusa9,-1.0
315,detroitnews,122.65168540269408
316,congress,-1.0
317,aclu,-1.0
318,wbrc,-1.0
319,cbs46,384.4857016481327
320,ny1,675.5721532051601
321,reviewjournal,299.4126984
322,pitchfork,237.72144431588092
323,justice,61.06797852435521
324,news24,7455.275985806452
325,newstatesman,-1.0
326,ohchr,15.6965517239415
327,c-span,2237.6974788235293
328,africanews,36.897959185714285
329,urdupoint,-1.0
330,nme,93.96352402251183
331,nhk,18.28056627927928
332,eurasianet,789.50000198625
333,cnbctv18,246555.49955020845
334,rfi,29155.53845631624
335,waow,39.10868816646921
336,rollcall,158.38509502782009
337,theage,-1.0
338,nknews,238.33333328847223
339,thisisinsider,389.2238443356472
340,qz,35475.28571954916
341,komonews,755.462726430585
342,abcn,130.4904328218928
343,itv,45714.28945469925
344,ktla,83.54134183586923
345,fox10phoenix,5366.889952387732
346,azfamily,46.0180180166467
347,inthesetimes,-1.0
348,eurogamer,484.1320851990012
349,kutv,311.6064177746732
350,macaubusiness,61295.000008629504
351,investigatemidwest,68.32500000833251
352,mercurynews,-1.0
353,dhakatribune,-1.0
354,sciencealert,1946.5248319697803
355,abcactionnews,702.4689234086286
356,kbzk,286.4456129295361
357,youtube,-1.0
358,pcgamer,-1.0
359,wvmetronews,-1.0
360,thinkprogress,-1.0
361,vulture,-1.0
362,weartv,-1.0
363,pix11,-1.0
364,wlos,-1.0
365,nbc4i,-1.0
366,dailycaller,17003.898550724636
367,techdirt,20.45320404721754
368,taskandpurpose,-1.0
369,the-sun,-1.0
370,ijr,-1.0
371,grist,65.20879120879121
372,dcreport,-1.0
373,thegrio,76.1911532385466
374,channel4,-1.0
375,newshub,-1.0
376,jacobinmag,-1.0
377,sfexaminer,-1.0
378,thewire,67835.35
379,post-gazette,1316.8846153846155
380,nextshark,-1.0
381,mississippitoday,-1.0
382,ecowatch,-1.0
383,pri,-1.0
384,fxstreet,-1.0
385,narcity,-1.0
386,rfa,17.645955452913505
387,erienewsnow,50.281382486001505
388,boston,54.64334085732025
389,anews,2442.662712613513
390,fox13memphis,234.71582086938352
391,thepeninsulaqatar,20.61329305456595
392,stltoday,9105.937498861758
393,bnonews,20.973568281227596
394,inews,12.702340093814534
395,spokesman,205.05571316674545
396,nbcchicago,182.52675966307604
397,cybernews,139202.47376273814
398,todayonline,-1.0
399,wxyz,19.693417499275867
400,sacurrent,481.7695633096335
401,miaminewtimes,162.73813525031065
402,teenvogue,5191.811927049203
403,justsecurity,-1.0
404,lbc,725.9026548811529
405,ukranews,234.9081632512802
406,tucson,847.4731264035971
407,courthousenews,20645.8571482628
408,wect,388.49974389124424
409,eff,445.3125003089844
410,whio,788.8961661935867
411,advocate,28.773722631609996
412,theappeal,556.0028266979497
413,cincinnati,217.828422906465
414,ky3,116.39552243804756
415,fox17,-1.0
416,mprnews,30.415492966314222
417,err,-1.0
418,ekathimerini,975.1176473117923
419,globaltimes,26.675324672510374
420,opensecrets,42.858208954157774
421,ctmirror,-1.0
422,heraldscotland,-1.0
423,themorningnews,-1.0
424,wcpo,1006.404293488372
425,tvpworld,60.51666667859778
426,wired,9.171768704590797
427,bridgemi,175.32031249961437
428,propakistani,-1.0
429,fox7austin,1520.459393939394
430,madison,186.53225806451613
431,tallahassee,351.87991675338196
432,wtsp,-1.0
433,geo,-1.0
434,myanmar-now,69.95833333333333
435,losangelesblade,164.72680412371133
436,rgj,-1.0
437,thedenverchannel,-1.0
438,dawn,122.67248907868394
439,kathmandupost,-1.0
440,abc3340,571.2016536728048
441,dailywire,0.6101190476428571
442,wreg,-1.0
443,thedailystar,28.542372886582015
444,wlbt,-1.0
445,novinite,15.493279567090688
446,kten,-1.0
447,irishexaminer,39823.823517698875
448,odessa-journal,816.147826
449,chicagotribune,18227.774192799105
450,lex18,342.4399545422956
451,mothership,56203.71998651111
452,unfpa,-1.0
453,nbclosangeles,164.34816571060924
454,forexlive,-1.0
455,fox32chicago,43.63390968131515
456,foxla,1087.7832103461872
457,vnexpress,-1.0
458,armenpress,17336.363636
459,1news,-1.0
460,wistv,-1.0
461,fox26houston,14442.70270114133
462,gazette,7.217812197988173
463,coventrytelegraph,899.8744222033898
464,wgme,163.05897142695528
465,kfyrtv,-1.0
466,denver7,5.642312579531204
467,grapevine,-1.0
468,mississippifreepress,707.9125224894893
469,cyprus-mail,729.5233918421053
470,bostonherald,252.18502942384887
471,deccanherald,30.025000001246873
472,pewresearch,28.88153846529858
473,si,-1.0
474,aawsat,3.9146496807366793
475,hungarytoday,4.159090908447314
476,irishtimes,19.55525397941491
477,the-star,83782.53337151301
478,fox2now,70932.33333333333
479,cityam,189880.99999999997
480,oklahoman,119.50734380708805
481,themarshallproject,35.06060606060606
482,crosscut,-1.0
483,texasmonthly,33.649193548387096
484,timesnownews,-1.0
485,wwnytv,13.015825914935709
486,triblive,-1.0
487,whdh,-1.0
488,romania-insider,7596.0
489,amnesty,49.66326530612245
490,newsmax,-1.0
491,federalnewsnetwork,685.0
492,adl,-1.0
493,nola,206.2943396226415
494,11alive,10.31023102310231
495,wearegreenbay,33.81337146943154
496,khpg,-1.0
497,marketplace,27.853846153846156
498,nbc15,1495.1066481994458
499,info-co,8.88628762541806
500,thecut,2858.189655172414
501,csmonitor,-1.0
502,newson6,20.108695652286155
503,asbarez,22.666666666341882
504,egyptindependent,-1.0
505,indiancountrytoday,123768.88876289777
506,ca,118.25454545066381
507,futurism,16145.957143383937
508,smithsonianmag,22.66865671154199
509,euromaidanpress,-1.0
510,zawya,307.82692310267566
511,redd,207.374999783875
512,abs-cbn,-1.0
513,abc12,-1.0
514,kentucky,-1.0
515,armradio,177.6511628185914
516,justia,67.37878788478375
517,thediplomat,-1.0
518,abc57,217.05750207486818
519,wvpublic,502.71989122180025
520,lbpost,434.7426261779748
521,wfmz,2956.3949371050926
522,dailyhive,7777.868132832733
523,ign,364.4343459237324
524,kbs,-1.0
525,civilbeat,824.111111
526,dnaindia,16111.109091565659
527,eenews,9.939534885558897
528,rudaw,15.599999999387235
529,wishtv,13.909264661345569
530,suntimes,22.449004979211086
531,vpm,21.979591846243647
532,fox46charlotte,420.448483814531
533,princewilliamtimes,746.1422885400743
534,bianet,40.750000029218754
535,wlns,237287.80004145758
536,yougov,-1.0
537,cleveland19,26.623123121923882
538,kut,45.640625001153815
539,aviationsourcenews,-1.0
540,news4jax,20.294797687810153
541,northcountrypublicradio,104.22185966573392
542,wmfe,250.78772332387945
543,fedweek,902.78199554511
544,psmag,430.6137758914072
545,google,413.2546151845356
546,wjcl,157.64878366692184
547,hudsonvalleypost,382.99751235909133
548,cbs58,404.45583236089
549,breezyscroll,400.954418316448
550,9to5mac,590.9328143961109
551,alreporter,272.76722535771637
552,goodmorningamerica,246.26987733978905
553,artnet,956.714622652281
554,wsav,374.2183456660301
555,19thnews,340.32220712991847
556,usmagazine,230.2775140384397
557,kwch,93.06881696898034
558,wapo,116.18688402913949
559,hrdive,535.7548544189674
560,prismreports,273.47705937409006
561,movieweb,275.11502647890757
562,971theriver,510.86377207375483
563,newstimes,522.555631298329
564,vosizneias,255.6913807788142
565,fox9,207.87771068339447
566,washingtonian,604.5668742268296
567,upnorthlive,9.849154745586521
568,prnewswire,267.1265950270955
569,wtkr,134.70141907698866
570,efficientgov,506.57254506627123
571,calgaryherald,277.5865296115706
572,portcitydaily,264.32131155952885
573,abc10,638.3783432539391
574,kpel965,4575.574416212143
575,wtoc,217.89061527226443
576,wbfo,212.95865569875403
577,pagesix,196.57638456653206
578,hawaiinewsnow,68933.78946385256
579,thewrap,313.37861061778034
580,dailytelegraph,450.6705997690601
581,missouriindependent,-1.0
582,wbez,631.8463533629067
583,xxlmag,379.44435199762114
584,clarionledger,430.4048141222459
585,spin,256.30273803375695
586,joe,-1.0
587,12ft,-1.0
588,eluniversal,-1.0
589,enviro30,-1.0
590,kentonline,-1.0
591,buzzfeed,-1.0
592,insideedition,-1.0
593,optimistdaily,-1.0
594,dailystar,-1.0
595,mondoweiss,-1.0
596,stanford,-1.0
597,ecohustler,-1.0
598,memorandumdaily,-1.0
599,grammarly,-1.0
600,jewishjournal,-1.0
601,popular,-1.0
602,complex,-1.0
603,disclose,-1.0
604,traveloffpath,-1.0
605,safetravel,-1.0
606,maktoobmedia,-1.0
607,actionnewsjax,-1.0
608,lrv,-1.0
609,whowhatwhy,-1.0
610,parl,-1.0
611,richmond-news,-1.0
612,insidehousing,-1.0
613,castanet,-1.0
614,wwfnepal,-1.0
615,loopjamaica,-1.0
616,inkstonenews,-1.0
617,extra,-1.0
618,pendect,-1.0
619,videogamer,-1.0
620,pcmag,-1.0
621,providencejournal,-1.0
622,actionnews5,7083.490566037736
623,revealnews,20.14850136239782
624,calmatters,11.747474747474747
625,freightwaves,13.10800363801728
626,channelstv,19.64750957854406
627,ottawacitizen,-1.0
628,thenewdaily,-1.0
629,mondestuff,-1.0
630,dexerto,-1.0
631,spieltimes,-1.0
632,scotsman,-1.0
633,theolivepress,-1.0
634,tmz,-1.0
635,ft,-1.0
636,out,-1.0
637,thespinoff,-1.0
638,newsbreakinglive,-1.0
639,americamagazine,-1.0
640,tvnz,-1.0
641,indcatholicnews,-1.0
642,thebell,-1.0
643,inquisitr,-1.0
644,guardian,-1.0
645,thespec,-1.0
646,ladbible,-1.0
647,valleynewslive,-1.0
648,deccanchronicle,-1.0
649,theportugalnews,-1.0
650,10daily,-1.0
651,dailym,-1.0
652,ipolitics,-1.0
653,nyti,-1.0
654,thesun,-1.0
655,mozilla,-1.0
656,newsbeezer,-1.0
657,ipac,-1.0
658,krcrtv,-1.0
659,intouchweekly,-1.0
660,seattlepi,-1.0
661,investigativepost,-1.0
662,wmcactionnews5,-1.0
663,wkbw,-1.0
664,ebony,-1.0
665,ftm,-1.0
666,vcstar,-1.0
667,newsleader,-1.0
668,wboc,-1.0
669,phoenixnewtimes,35.78181818181818
670,abc4,-1.0
671,northjersey,-1.0
672,gcaptain,-1.0
673,tampafp,-1.0
674,fox23,-1.0
675,metroweekly,-1.0
676,news-herald,-1.0
677,politicaltribune,-1.0
678,kfor,-1.0
679,wgnradio,-1.0
680,khq,-1.0
681,theamericanconservative,-1.0
682,wrex,-1.0
683,newschannel10,-1.0
684,koko,-1.0
685,ktsm,-1.0
686,womenintheworld,-1.0
687,wpta21,-1.0
688,ktnv,-1.0
689,wrcbtv,-1.0
690,nbcsports,-1.0
691,westernmassnews,-1.0
692,gq,-1.0
693,thegailygrind,-1.0
694,reclaimthenet,-1.0
695,easyreadernews,-1.0
696,statter911,-1.0
697,wbaltv,-1.0
698,hitc,-1.0
699,pamplinmedia,-1.0
700,jhu,-1.0
701,kvia,-1.0
702,wbir,-1.0
703,arcamax,-1.0
704,digitalmusicnews,-1.0
705,12news,18.96309963099631
706,timesfreepress,-1.0
707,edmontonjournal,-1.0
708,entrepreneur,-1.0
709,triad-city-beat,-1.0
710,sgvtribune,-1.0
711,9news,-1.0
712,wdrb,-1.0
713,medyanews,-1.0
714,cyclingnews,-1.0
715,uawire,-1.0
716,sueddeutsche,-1.0
717,mysanantonio,354.9154929577465
718,mnn,-1.0
719,kuow,-1.0
720,expressnews,-1.0
721,cordcuttersnews,-1.0
722,wafb,-1.0
723,archpaper,-1.0
724,nationalgeographic,-1.0
725,accuweather,-1.0
726,afr,24.176470588235293
727,wcax,-1.0
728,wkyc,-1.0
729,3newsnow,-1.0
730,jacksonville,-1.0
731,aninews,78.77777778333333
732,boston25news,-1.0
733,thebarentsobserver,69.08860761363565
734,thedrive,22.997835496753247
735,nature,489.8181820408264
736,babel,-1.0
737,batimes,28.966666665
738,breitbart,0.0
739,rcinet,-1.0
740,earthcurious,3.6763285015187703
741,bakersfield,-1.0
742,luxtimes,12.58333333629051
743,skynews,22.04421325798015
744,eurasiareview,7.389154703599124
745,kcrg,7.746943765057299
746,marijuanamoment,-1.0
747,variety,179.27142858
748,climatechangenews,6.557377049067454
749,spaceflightnow,-1.0
750,wthr,-1.0
751,texasobserver,12.761646621998473
752,pledgetimes,-1.0
753,morningconsult,-1.0
754,eltucumano,-1.0
755,dailysabah,43.71698112877608
756,usni,562.7777778160184
757,riverfronttimes,15.102739723958528
758,simpleflying,1266.3333334489112
759,jns,0.5820895522637558
760,cpr,623.4225352357821
761,thenewhumanitarian,-1.0
762,wkow,-1.0
763,townhall,-1.0
764,turnto10,33.84761905333333
765,cbs6albany,4.140518213625351
766,virginiamercury,17.536231880781347
767,reviewgeek,-1.0
768,rappler,68.423076925
769,newindianexpress,12.840909090892303
770,techaint,8.135483873067221
771,sandiegouniontribune,6.459653795386689
772,kgw,6.638379943259012
773,dailyrecord,17.307692314285713
774,kshb,3.996570396318061
775,aviacionline,-1.0
776,kaaltv,-1.0
777,fox35orlando,-1.0
778,novayagazeta,-1.0
779,cbssports,-1.0
780,woodtv,-1.0
781,religionnews,55.256756752986846
782,balkaninsight,10.0370370350106
783,jewishnews,-1.0
784,asiaone,-1.0
785,thequint,-1.0
786,taipeitimes,11.333333333952382
787,ktul,6.892181589098854
788,thefederalist,-1.0
789,brasildefato,26.039856589958678
790,globeecho,-1.0
791,downtoearth,-1.0
792,mynbc15,-1.0
793,insidenova,-1.0
794,efe,-1.0
795,mcknights,-1.0
796,kcur,-1.0
797,charlotteobserver,454.39393945454543
798,thefirstnews,18.129963901535014
799,siasat,4.296296296296297
800,sportarsh,-1.0
801,tucsonsentinel,326.73333336
802,ticotimes,-1.0
803,mercopress,15.523809523809524
804,whec,-1.0
805,globalconstructionreview,-1.0
806,geniodatos,-1.0
807,caller,-1.0
808,ksl,111.6666667
809,skysports,9.188405796807693
810,azatutyun,-1.0
811,abc17news,8.91145833304986
812,occrp,275.30000005753004
813,knpr,16.423076921184528
814,cltampa,12.801246844530114
815,nippon,-1.0
816,protocol,-1.0
817,polskieradio,-1.0
818,nyc,-1.0
819,wpln,161.63461539586353
820,asiasentinel,-1.0
821,nasdaq,2.1949999993170835
822,24talker,-1.0
823,rioonwatch,-1.0
824,local21news,-1.0
825,researchgate,-1.0
826,tasnimnews,4.277777777856996
827,marylandmatters,-1.0
828,garoweonline,-1.0
829,klkntv,-1.0
830,whyy,14.702380955331835
831,koreaherald,28.75000000441964
832,myrgv,5.871031745798769
833,capitolweekly,-1.0
834,yucommentator,-1.0
835,counton2,-1.0
836,interestingengineering,556.7142857779846
837,universitybusiness,-1.0
838,hani,-1.0
839,abc30,-1.0
840,madison365,7.438213914849428
841,newsbulletin247,13.6
842,newscientist,9.188118811881187
843,peoplesworld,14.25968992248062
844,marist,8.026315789473683
845,bnamericas,5.113513513513513
846,theafricareport,-1.0
847,defbrief,-1.0
848,durhamradionews,48.2
849,lobservateur,62.44444444444444
850,pa,-1.0
851,floridarealtors,-1.0
852,ksby,9.638364779874214
853,rivaltimes,2.002450980392157
854,omaha,-1.0
855,businesstoday,38.7563025210084
856,ukinvestormagazine,-1.0
857,kvoa,-1.0
858,kitco,-1.0
859,arkansasonline,-1.0
860,washingtonblade,-1.0
861,hollandsentinel,-1.0
862,thedefensepost,441.68
863,engadget,-1.0
864,tvn24,-1.0
865,thejakartapost,-1.0
866,nationalinterest,19.45136186770428
867,gallup,53.711191335740075
868,wesa,42.05
869,finbold,-1.0
870,shine,-1.0
871,thelocalread,-1.0
872,freemalaysiatoday,-1.0
873,nhregister,-1.0
874,laweekly,-1.0
875,canadaland,11.736526946107785
876,energy,-1.0
877,wgntv,-1.0
878,ifj,-1.0
879,santafenewmexican,-1.0
880,indystar,-1.0
881,blockclubchicago,5.911881188118812
882,newswire,-1.0
883,torontosun,23.470588232148792
884,thebaltimorebanner,-1.0
885,brisbanetimes,23.757027624343156
886,coindesk,-1.0
887,manchestereveningnews,-1.0
888,belfasttelegraph,20.63333333606333
889,kbc,16.000000003471076
890,abajournal,-1.0
891,arabianbusiness,11.108108109219138
892,thestreet,2.5969696964816804
893,ctinsider,2.5611510790085914
894,capradio,15.411764708482023
895,kansas,-1.0
896,okcfox,19.10227272520403
897,bangkokpost,11.034482755945303
898,financialexpress,2.4576271186828498
899,news-journalonline,10.575757572727273
900,nbcconnecticut,3.8935542436319968
901,armytimes,-1.0
902,kake,-1.0
903,yemenonline,-1.0
904,ktvz,-1.0
905,koco,64.77272727086776
906,greenpeace,-1.0
907,regulations,-1.0
908,cruxnow,-1.0
909,aviationpros,-1.0
910,lsm,-1.0
911,qu,-1.0
912,mailtribune,-1.0
913,sverigesradio,-1.0
914,idrw,-1.0
915,seashepherdglobal,-1.0
916,world-nuclear-news,-1.0
917,americanprogress,-1.0
918,wcti12,7.320312500362548
919,deseret,7.0624999997978515
920,lasvegassun,1.8688524581577532
921,brazilian,15.841269839999999
922,capecodtimes,33.91397850126258
923,ushmm,30.714285720102037
924,thesundaily,21.963800899644564
925,southernminn,7.445945945876918
926,bnnbloomberg,9.53658536394765
927,shiningscience,-1.0
928,hs,-1.0
929,idahostatesman,-1.0
930,newschannel9,14.49138703574629
931,kpvi,-1.0
932,wtap,10.567567567567568
933,crainsdetroit,-1.0
934,techtwopointzero,21.770833333333332
935,switzerlandtimes,10.48118811881188
936,ifex,-1.0
937,forumdaily,-1.0
938,ksmu,-1.0
939,jumpish,-1.0
940,kold,17.108695652173914
941,moneycontrol,5.9879518072289155
942,playstationlifestyle,-1.0
943,wmbfnews,-1.0
944,coloradosun,10.46951219512195
945,nation,54.4078947368421
946,saudigazette,81.25806451612904
947,gulfnews,54.0
948,arka,-1.0
949,kyma,141.48314606741573
950,expats,-1.0
951,clevescene,29.987460815047022
952,news18,34.666666666666664
953,brusselstimes,-1.0
954,euobserver,11.179487179487179
955,krgv,-1.0
956,defenseone,-1.0
957,sourceofthespring,-1.0
958,sand-boarding,1.3279661016949154
959,factcheck,-1.0
960,www,9.029411764705882
961,pressherald,24.233333333333334
962,tcrn,2.829232995658466
963,harpers,-1.0
964,astanatimes,-1.0
965,wnyt,-1.0
966,newsingermany,-1.0
967,schengenvisainfo,6.410256410256411
968,wrestlinginc,2.378504672897196
969,softmachine,12.484581497797357
970,foreignaffairs,-1.0
971,wsvn,220.3028846153846
972,tennessean,13.97500000119875
973,thetelegraph,-1.0
974,bdnews24,-1.0
975,ohsu,9.516349438971027
976,scientificamerican,58.7142857
977,mcall,28.57500000392875
978,algemeiner,82.83333334713889
979,njspotlightnews,4.737260804976876
980,gerceknews,-1.0
981,massispost,175.0
982,richmond,5.8219178060517915
983,winknews,5894.382352526305
984,newsrnc,-1.0
985,nbc11news,-1.0
986,sightline,-1.0
987,romaniajournal,18.543478268600662
988,albawaba,-1.0
989,wpri,12.148148149338821
990,koin,-1.0
991,nydolls,-1.0
992,clickorlando,9.240442654929577
993,scroll,1.8666666666390122
994,helsinkitimes,136.25925927171332
995,ncr-iran,-1.0
996,cpj,103.16666668552777
997,thenational,9.909428676455432
998,snopes,35.9499999967975
999,cbstv2vi,-1.0
1000,dailypakistan,-1.0
1001,wapt,-1.0
1002,science,4.634773661326715
1003,idahocapitalsun,2757.8095233333333
1004,stlpublicradio,8.396103895454546
1005,unionleader,0.7593984963157895
1006,neweralive,-1.0
1007,benzinga,5.411764706923876
1008,nativenewsonline,-1.0
1009,postandcourier,4.627192982220491
1010,habertusba,-1.0
1011,jta,-1.0
1012,nbc16,-1.0
1013,portugalresident,-1.0
1014,progressive,10.12260428411063
1015,burlington-record,6.94423791832921
1016,krdo,12.832206405237288
1017,registerguard,0.0
1018,morningstar,-1.0
1019,radio-canada,-1.0
1020,stv,7.795590799822643
1021,technewsspace,18.55882353420242
1022,kansascitydefender,21.757621842276777
1023,gainesville,4.155555556
1024,wfaa,4.255555555333333
1025,chalkbeat,-1.0
1026,netblocks,-1.0
1027,teslarati,-1.0
1028,thepostedia,-1.0
1029,knoxnews,-1.0
1030,hcn,-1.0
1031,perthnow,-1.0
1032,13abc,-1.0
1033,pogo,-1.0
1034,westobserver,-1.0
1035,indianapublicmedia,-1.0
1036,niemanlab,-1.0
1037,cbo,-1.0
1038,khou,36.534482754243754
1039,mybroadband,-1.0
1040,wxxv25,-1.0
1041,collider,-1.0
1042,pghcitypaper,16.555555553846155
1043,lorientlejour,-1.0
1044,cleanenergywire,-1.0
1045,caixinglobal,-1.0
1046,kfoxtv,-1.0
1047,ny,16.952380957142857
1048,sustainableinvestingblog,-1.0
1049,thedispatch,-1.0
1050,boisestatepublicradio,-1.0
1051,navyrecognition,-1.0
1052,vallartadaily,-1.0
1053,newsy,-1.0
1054,qnews,-1.0
1055,splcenter,96.2199999998488
1056,outsider,-1.0
1057,iisd,-1.0
1058,foxbaltimore,-1.0
1059,nbcmiami,-1.0
1060,lastwordonsports,-1.0
1061,syracuse,21.35714285633163
1062,wjactv,-1.0
1063,snbc13,-1.0
1064,lagatar24,-1.0
1065,albanyherald,-1.0
1066,americanmilitarynews,-1.0
1067,kcra,-1.0
1068,kossyderrickent,-1.0
1069,usgs,-1.0
1070,lasentinel,-1.0
1071,courtlistener,-1.0
1072,hellenicshippingnews,-1.0
1073,centerforpolitics,-1.0
1074,fa,-1.0
1075,investing,-1.0
1076,dealstreetasia,-1.0
1077,india,-1.0
1078,freedomhouse,-1.0
1079,philstar,25.4
1080,insiderpaper,-1.0
1081,wpr,-1.0
1082,arktimes,65.6
1083,spacenews,26.1
1084,estadao,-1.0
1085,poder360,-1.0
1086,theveganherald,-1.0
1087,connexionfrance,-1.0
1088,siliconangle,-1.0
1089,wa,45.090909090909086
1090,ktlo,-1.0
1091,eureporter,-1.0
1092,thediplomatinspain,-1.0
1093,recordnet,-1.0
1094,agenda,-1.0
1095,wsoctv,-1.0
1096,6pr,-1.0
1097,afghanpeacewatch,-1.0
1098,skift,-1.0
1099,frontiermyanmar,-1.0
1100,aol,-1.0
1101,ekurd,-1.0
1102,newsnationnow,-1.0
1103,euneighbourseast,-1.0
1104,mountainstatespotlight,-1.0
1105,wdbj7,-1.0
1106,wweek,7.879432624113475
1107,manilatimes,3.3488372093023258
1108,therecord,35.01045296167248
1109,witf,14.826923076923075
1110,whqr,-1.0
1111,wcvb,-1.0
1112,wvgazettemail,0.0
1113,calcalistech,8.35
1114,thewest,13.26865671641791
1115,kalw,7.646924829157175
1116,jamaica-star,4.777777777777778
1117,firstcoastnews,-1.0
1118,univision,10.52
1119,fox61,-1.0
1120,ipsos,-1.0
1121,uol,62.50602409638553
1122,energyvoice,4.166666666666667
1123,securityaffairs,14.675
1124,mining,15.8
1125,nst,38.64
1126,arirang,-1.0
1127,emersoncollegepolling,0.611111111111111
1128,jamaica-gleaner,-1.0
1129,bozemandailychronicle,44.78260869565218
1130,eastidahonews,-1.0
1131,mexiconewsdaily,-1.0
1132,leicestermercury,-1.0
1133,gearjunkie,-1.0
1134,missionlocal,-1.0
1135,infotel,-1.0
1136,marca,-1.0
1137,techilive,-1.0
1138,astroawani,-1.0
1139,maryland,-1.0
1140,vnews,-1.0
1141,publicradiotulsa,-1.0
1142,nextgov,-1.0
1143,severe-weather,-1.0
1144,staradvertiser,-1.0
1145,13newsnow,-1.0
1146,lohud,-1.0
1147,delawareonline,-1.0
1148,wsls,-1.0
1149,danvillesanramon,-1.0
1150,tehrantimes,-1.0
1151,israelnationalnews,-1.0
1152,egypttoday,-1.0
1153,19fortyfive,0.011235955056179775
1154,asianews,-1.0
1155,thepublicsradio,-1.0
1156,bgov,6.269230769230769
1157,king5,-1.0
1158,wamu,-1.0
1159,akipress,-1.0
1160,keyt,-1.0
1161,dailynewshungary,-1.0
1162,nurse,-1.0
1163,news-leader,-1.0
1164,hawaiitribune-herald,-1.0
1165,wesh,25.166666666666668
1166,inforum,-1.0
1167,wfsu,-1.0
1168,trend,-1.0
1169,thecable,-1.0
1170,geonet,-1.0
1171,azcapitoltimes,-1.0
1172,ku,-1.0
1173,almanar,-1.0
1174,coinedition,-1.0
1175,nwitimes,-1.0
1176,thestandard,-1.0
1177,hawarnews,-1.0
1178,newarkadvocate,-1.0
1179,kare11,3.107142857142857
1180,aei,11.225
1181,epa,24.63888888888889
1182,savannahnow,-1.0
1183,bne,36.92857142857143
1184,malaymail,20.0
1185,indiaeducationdiary,5.5
1186,wamc,-1.0
1187,talkbusiness,-1.0
1188,countercurrents,-1.0
1189,abc6onyourside,-1.0
1190,ncpolicywatch,8.353535353535353
1191,taxfoundation,5.363636363636363
1192,michaelwest,-1.0
1193,betterdwelling,6.02112676056338
1194,cbs17,4.155172413793103
1195,realclearpolitics,-1.0
1196,npasyria,11.416666666666666
1197,wtvr,-1.0
1198,thetimeshub,4.941489361702128
1199,dailynk,8.428571428571429
1200,pressofatlanticcity,3.0271493212669682
1201,macon,-1.0
1202,dentonrc,-1.0
1203,riigikogu,70.99033816425121
1204,eastangliabylines,15.63265306122449
1205,notnill,-1.0
1206,newsncr,-1.0
1207,militarytimes,-1.0
1208,newstvglobal,-1.0
1209,mil,2.7625
1210,ustoday,14.941176470588236
1211,libyaobserver,-1.0
1212,news365,48.70609318996416
1213,weirditaly,8.058823529411764
1214,manilastandard,18.5
1215,wola,7.107981220657277
1216,bloomberglinea,9.715447154471544
1217,atalayar,45.796875
1218,vaticannews,1.6126315789473684
1219,cosmosmagazine,3.09472981987992
1220,freepressjournal,-1.0
1221,thefridaytimes,-1.0
1222,abouther,-1.0
1223,virginia,-1.0
1224,cochranetoday,-1.0
1225,mises,-1.0
1226,see,1.7083333333333333
1227,elpasomatters,-1.0
1228,foxweather,-1.0
1229,cbs19news,13.610778443113773
1230,nsw,-1.0
1231,austinchronicle,-1.0
1232,pressprogress,7.0227272727272725
1233,brandonreporter,6.506596306068602
1234,abc11,4.686428571428571
1235,wgbh,17.3533098315707
1236,nos,256.5
1237,pakobserver,1.3509615384615385
1238,dailynous,-1.0
1239,monmouth,-1.0
1240,newlinesmag,-1.0
1241,thenorthernecho,-1.0
1242,thenews,-1.0
1243,episcopalnewsservice,-1.0
1244,wsbt,-1.0
1245,playbill,-1.0
1246,wtae,9.797052154195011
1247,poynter,18.22142857142857
1248,courant,2.255813953488372
1249,sofiaglobe,8.5
1250,leoweekly,20.358695652173914
1251,investmentweek,2.6931818181818183
1252,milwaukeerecord,7.963855421686747
1253,thecrimson,-1.0
1254,nutsel,-1.0
1255,naharnet,-1.0
1256,autonews,-1.0
1257,38north,19.285714285714285
1258,knopnews2,4.467930029154519
1259,greensboro,-1.0
1260,fijitimes,4.2250661959399824
1261,gpb,5.232755440796754
1262,business-review,-1.0
1263,hisutton,-1.0
1264,news8000,6.024193548387097
1265,woub,-1.0
1266,heavenhimalaya,-1.0
1267,tribunewired,-1.0
1268,katu,22.934782608695652
1269,kmph,-1.0
1270,sunherald,-1.0
1271,citizen-times,14.763774105371901
1272,wmur,-1.0
1273,b92,0.3333333333333333
1274,mehrnews,4.527777779166667
1275,brecorder,1.1718750001831055
1276,weather,11.020338986814249
1277,newstinger,-1.0
1278,nebraskapublicmedia,10.882352941124566
1279,bangordailynews,12.888888891666667
1280,morningstaronline,18.611650484533417
1281,govexec,8.79424460161234
1282,redding,-1.0
1283,txtreport,10.055555555
1284,thenevadaindependent,7.101694915745475
1285,spglobal,23.9999999952
1286,theeastafrican,10.206106870213276
1287,dailynationpakistan,29.46460979683038
1288,alternet,24.939476062330623
1289,repubblica,51.063291158362446
1290,ksdk,2.4403778043022877
1291,doi,30.415094331997153
1292,vtdigger,36.132653047333406
1293,bostonreview,0.0
1294,justsentinel,2.5714285717959187
1295,highnorthnews,1.0
1296,mako,-1.0
1297,thearabweekly,4.891304348889414
1298,thekonservativ,-1.0
1299,worldchess,1.701492537567387
1300,railwayage,-1.0
1301,mystateline,-1.0
1302,tradewindsnews,-1.0
1303,actionnetwork,7.598765431481481
1304,cepr,0.0
1305,androidauthority,-1.0
1306,timesleader,9.351694915281707
1307,wfyi,36.88888889166667
1308,katv,-1.0
1309,latestrap,-1.0
1310,bignewsnetwork,5.0
1311,aztecreports,-1.0
1312,africacheck,2.4444444444444446
1313,kqed,14.412765958060117
1314,ijpr,4.343434342424242
1315,therepublic,6.5
1316,wrbl,-1.0
1317,adn,-1.0
1318,breakingac,-1.0
1319,byu,19.08333333409091
1320,cornwalllive,7.1525423728813555
1321,6abc,5.881188118229586
1322,broadwayworld,12.152941176153979
1323,autoblog,14.32319173281727
1324,kivitv,5.925925925555556
1325,declassifiedaus,33.166666665
1326,tribune,14.857142860693877
1327,nottinghamshire,13.5
1328,khaleejtimes,2.5084745766952024
1329,npca,-1.0
1330,star-telegram,-1.0
1331,ozarksfirst,-1.0
1332,sportsnet,-1.0
1333,cgtn,-1.0
1334,kxii,-1.0
1335,womensagenda,-1.0
1336,850wftl,-1.0
1337,turnto23,-1.0
1338,wndu,-1.0
1339,dailyherald,-1.0
1340,tolonews,-1.0
1341,iqna,-1.0
1342,ilo,-1.0
1343,newdelhitimes,-1.0
1344,fox34,-1.0
1345,lincolnshirelive,-1.0
1346,whatsonweibo,-1.0
1347,foreignbrief,19.333333333333332
1348,kitsapsun,4.5491143318840574
1349,kwtx,10.468832889889335
1350,hightimes,2.571428571795918
1351,newsintv,-1.0
1352,liveforlivemusic,-1.0
1353,gadgets360,19.5
1354,tasr,-1.0
1355,grandforksherald,-1.0
1356,ptil,-1.0
1357,europe-cities,-1.0
1358,sme,-1.0
1359,thefiscaltimes,-1.0
1360,unwatch,7.0
1361,sojo,-1.0
1362,kbtx,-1.0
1363,petapixel,-1.0
1364,wosu,-1.0
1365,citable,8.1875
1366,airforcemag,-1.0
1367,wsaz,3.625
1368,radiofarda,14.125
1369,usda,-1.0
1370,marinecorpstimes,-1.0
1371,tempo,6.5
1372,bleepingcomputer,10.266917293233083
1373,kvrr,-1.0
1374,yalelawjournal,4.75
1375,cbs4local,2.2228915662650603
1376,fox28media,-1.0
1377,vogue,9.6875
1378,hengaw,57.5
1379,thecity,8.76923076923077
1380,thelincolnite,13.357142857142858
1381,radaronline,5.645161290322581
1382,ens,-1.0
1383,kurdistanhumanrights,130.0
1384,firstpost,8.5
1385,investors,-1.0
1386,bullfrag,-1.0
1387,kfvs12,-1.0
1388,livelaw,-1.0
1389,volcanodiscovery,11.159090909090908
1390,devdiscourse,-1.0
1391,journal-news,13.678571428571429
1392,splash247,55.0
1393,ksla,16.373711340206185
1394,kvue,17.375
1395,elpais,35.44
1396,wfxl,-1.0
1397,federaltimes,5.346153846153846
1398,guampdn,1.7941176470588236
1399,is,9.816696914700545
1400,telesurenglish,31.88888888888889
1401,mercomindia,18.3
1402,pipanews,0.10869565217391304
1403,investmentals,-1.0
1404,weibo,-1.0
1405,dailynewsegypt,51.0
1406,qctimes,-1.0
1407,cyclingmagazine,1.3444444444444446
1408,scienceandstuff,4.338582677165355
1409,weforum,-1.0
1410,chimpreports,18.5
1411,ginraiders,4.794117647058823
1412,kmaland,-1.0
1413,ncsl,17.88888888888889
1414,yaledailynews,4.0
1415,internationalviewpoint,-1.0
1416,dezeen,7.8
1417,cis,-1.0
1418,wlrn,20.833333333333332
1419,city-journal,0.0
1420,restofworld,-1.0
1421,pantheonsite,0.0
1422,lakecountyfloridanews,14.89795918367347
1423,paturkey,20.0
1424,wrdw,12.468992248062015
1425,trm,22.0
1426,viraltab,32.5
1427,knews,3.803921568627451
1428,dailyfinland,10.854166666666666
1429,varsity,0.9782608695652174
1430,missioncityrecord,-1.0
1431,wate,24.16728624535316
1432,statesmanjournal,32.0
1433,expatica,27.833333333333332
1434,professpost,3.264705882352941
1435,savethechildren,-1.0
1436,thetimes,-1.0
1437,bairdmaritime,8.666666666666666
1438,expressen,2.875
1439,nc,-1.0
1440,wdtv,-1.0
1441,sealandgov,0.0
1442,walesonline,11.125
1443,newsclick,-1.0
1444,wabetainfo,0.0
1445,coconuts,7.666666666666667
1446,renews,-1.0
1447,peoplespolicyproject,-1.0
1448,nasa,9.02445652173913
1449,wabe,13.242021276595745
1450,moroccoworldnews,18.833333333333332
1451,wkbn,7.309523809523809
1452,mynorthwest,4.563380281690141
1453,globo,-1.0
1454,military,11.285714285714286
1455,oeaw,47.333333333333336
1456,sunjournal,11.178571428571429
1457,baltimoresun,53.5
1458,mainichi,-1.0
1459,newsday,14.653846153846153
1460,roanoke,-1.0
1461,wivb,-1.0
1462,menafn,-1.0
1463,newatlas,4.7073170731707314
1464,bnn-news,3.888888888888889
1465,royalsblue,12.052631578947368
1466,timeslive,0.40625
1467,worldakkam,2.3333333333333335
1468,diplomatie,12.0
1469,ptinews,2.8525469168900806
1470,chinadaily,6.791044776119403
1471,nrk,11.26086956521739
1472,riotimesonline,14.5
1473,thegazette,0.0
1474,bqprime,8.2
1475,uaposition,37.06666666666667
1476,kuwaittimes,-1.0
1477,vaildaily,20.0
1478,thv11,0.0
1479,sciencedaily,-1.0
1480,mizzima,15.101307189542483
1481,montrealgazette,16.058823529411764
1482,cryptocoinopps,3.6
1483,helmholtz-berlin,63.0
1484,the961,51.833333333333336
1485,spiegel,-1.0
1486,svt,-1.0
1487,app,-1.0
1488,wcjb,-1.0
1489,federalregister,-1.0
1490,wjct,4.716981132075472
1491,kxly,14.165413533834586
1492,weau,7.529411764705882
1493,today,19.263529411764704
1494,dccc,2.8
1495,wzzm13,-1.0
1496,democrats,23.88888888888889
1497,local12,12.027777777777779
1498,tellerreport,7.166666666666667
1499,kjzz,42.40481927710843
1500,ukrainianworldcongress,71.69444444444444
1501,citizen,0.9067796610169492
1502,saharareporters,36.875
1503,globalvoices,4.642857142857143
1504,asiafinancial,6.142857142857143
1505,telegraphindia,12.885245901639344
1506,tbsnews,5.4298245614035086
1507,myjoyonline,1.7894736842105263
1508,smartnews,-1.0
1509,thisdaylive,6.5
1510,musicinminnesota,-1.0
1511,wikihow,4.333333333333333
1512,newsradio1310,0.0
